{
  "version": 1,
  "author": "Anonymous maker",
  "editor": "wokwi",
  "parts": [
    { "type": "wokwi-breadboard-half", "id": "bb1", "top": 112.2, "left": 0, "attrs": {} },
    { "type": "wokwi-arduino-uno", "id": "uno", "top": 346.2, "left": 0, "attrs": {} },
    { "type": "wokwi-led", "id": "led2", "top": 5, "left": 140, "attrs": { "color": "blue" } },
    { "type": "wokwi-led", "id": "led3", "top": 5, "left": 210, "attrs": { "color": "yellow" } },
    { "type": "wokwi-led", "id": "led4", "top": 5, "left": 280, "attrs": { "color": "orange" } },
    { "type": "wokwi-led", "id": "led5", "top": 55, "left": 35, "attrs": { "color": "white" } },
    { "type": "wokwi-led", "id": "led6", "top": 55, "left": 105, "attrs": { "color": "purple" } },
    { "type": "wokwi-led", "id": "led7", "top": 55, "left": 180, "attrs": { "color": "magenta" } },
    {
      "type": "wokwi-led",
      "id": "led8",
      "top": 55,
      "left": 250,
      "attrs": { "color": "limegreen" }
    },
    {
      "type": "wokwi-led",
      "id": "led0",
      "top": 5,
      "left": 0,
      "attrs": { "color": "red", "flip": "" }
    },
    { "type": "wokwi-led", "id": "led1", "top": 5, "left": 70, "attrs": { "color": "green" } },
    {
      "type": "wokwi-pushbutton-6mm",
      "id": "btn1",
      "top": 202.6,
      "left": 282.4,
      "rotate": 90,
      "attrs": { "color": "green", "xray": "1" }
    },
    {
      "type": "wokwi-resistor",
      "id": "r2",
      "top": 216,
      "left": 9.05,
      "rotate": 90,
      "attrs": { "value": "220" }
    },
    {
      "type": "wokwi-resistor",
      "id": "r3",
      "top": 216,
      "left": 37.85,
      "rotate": 90,
      "attrs": { "value": "220" }
    },
    {
      "type": "wokwi-resistor",
      "id": "r4",
      "top": 216,
      "left": 66.65,
      "rotate": 90,
      "attrs": { "value": "220" }
    },
    {
      "type": "wokwi-resistor",
      "id": "r5",
      "top": 216,
      "left": 95.45,
      "rotate": 90,
      "attrs": { "value": "220" }
    },
    {
      "type": "wokwi-resistor",
      "id": "r6",
      "top": 216,
      "left": 124.25,
      "rotate": 90,
      "attrs": { "value": "220" }
    },
    {
      "type": "wokwi-resistor",
      "id": "r7",
      "top": 216,
      "left": 153.05,
      "rotate": 90,
      "attrs": { "value": "220" }
    },
    {
      "type": "wokwi-resistor",
      "id": "r8",
      "top": 216,
      "left": 181.85,
      "rotate": 90,
      "attrs": { "value": "220" }
    },
    {
      "type": "wokwi-resistor",
      "id": "r9",
      "top": 216,
      "left": 210.65,
      "rotate": 90,
      "attrs": { "value": "220" }
    },
    {
      "type": "wokwi-resistor",
      "id": "r10",
      "top": 216,
      "left": 239.45,
      "rotate": 90,
      "attrs": { "value": "220" }
    }
  ],
  "connections": [
    [ "led0:C", "bb1:1t.a", "black", [ "v0" ] ],
    [ "uno:13", "bb1:2b.j", "#8f4814", [ "v-67.2", "h-89.4" ] ],
    [ "uno:GND.1", "bb1:bn.8", "black", [ "v0" ] ],
    [ "uno:5V", "bb1:bp.1", "red", [ "v-96.1", "h-126" ] ],
    [ "btn1:2.l", "bb1:28t.d", "green", [ "v0" ] ],
    [ "btn1:1.r", "bb1:30b.g", "red", [ "v0" ] ],
    [ "btn1:2.r", "bb1:28b.g", "black", [ "v0" ] ],
    [ "bb1:bp.25", "bb1:30b.j", "red", [ "v0" ] ],
    [ "uno:2", "bb1:28t.c", "green", [ "h89.9", "v-172.8" ] ],
    [ "bb1:1t.e", "bb1:1b.f", "black", [ "v0" ] ],
    [ "bb1:1b.j", "bb1:bn.1", "black", [ "v0" ] ],
    [ "led0:A", "bb1:2t.a", "#8f4814", [ "v0" ] ],
    [ "r2:1", "bb1:2t.c", "#8f4814", [ "h0" ] ],
    [ "r2:2", "bb1:2b.i", "#8f4814", [ "h0" ] ],
    [ "led5:C", "led0:C", "black", [ "v8.6", "h-35" ] ],
    [ "led5:C", "led6:C", "black", [ "v8.6", "h70" ] ],
    [ "led7:C", "led6:C", "black", [ "v8.6", "h-75" ] ],
    [ "led8:C", "led7:C", "black", [ "v8.6", "h-70" ] ],
    [ "led0:C", "led1:C", "black", [ "v10.6", "h70" ] ],
    [ "led2:C", "led1:C", "black", [ "v10.6", "h-70" ] ],
    [ "led3:C", "led2:C", "black", [ "v10.6", "h-70" ] ],
    [ "led4:C", "led3:C", "black", [ "v10.6", "h-70" ] ],
    [ "led5:A", "r3:1", "white", [ "v0" ] ],
    [ "led1:A", "r4:1", "green", [ "v0" ] ],
    [ "led6:A", "r5:1", "purple", [ "v47", "h-5.2" ] ],
    [ "led2:A", "r6:1", "blue", [ "v49", "h-11.4" ] ],
    [ "led7:A", "r7:1", "violet", [ "v47", "h-22.6", "v48" ] ],
    [ "led3:A", "r8:1", "gold", [ "v39.4", "h-23.8" ] ],
    [ "led8:A", "r9:1", "limegreen", [ "v18.2", "h-15.8", "v76.8" ] ],
    [ "led4:A", "r10:1", "orange", [ "v68.2", "h-26.6", "v76.8" ] ],
    [ "r3:2", "bb1:5b.i", "white", [ "h0" ] ],
    [ "bb1:5b.j", "uno:8", "white", [ "v67.2", "h108.6" ] ],
    [ "r4:2", "bb1:8b.i", "green", [ "h0" ] ],
    [ "bb1:8b.j", "uno:12", "green", [ "v57.6", "h41.3" ] ],
    [ "r5:2", "bb1:11b.i", "purple", [ "h0" ] ],
    [ "bb1:11b.j", "uno:7", "purple", [ "v48", "h67" ] ],
    [ "r6:2", "bb1:14b.i", "blue", [ "h0" ] ],
    [ "bb1:14b.j", "uno:11", "blue", [ "h-6.8", "v86.4" ] ],
    [ "r8:2", "bb1:20b.i", "gold", [ "h0" ] ],
    [ "bb1:20b.j", "uno:10", "gold", [ "v38.4", "h-54.9" ] ],
    [ "r10:2", "bb1:26b.i", "orange", [ "h0" ] ],
    [ "bb1:26b.j", "uno:9", "orange", [ "v28.8", "h-103" ] ],
    [ "r7:2", "bb1:17b.i", "violet", [ "h0" ] ],
    [ "bb1:17b.j", "uno:6", "violet", [ "h22", "v86.4" ] ],
    [ "r9:2", "bb1:23b.i", "limegreen", [ "h0" ] ],
    [ "bb1:23b.j", "uno:5", "limegreen", [ "h-6.8", "v86.4" ] ],
    [ "bb1:28b.j", "bb1:bn.23", "black", [ "v0" ] ]
  ],
  "dependencies": {}
}